Title,DESIGNATION
Zonal Manager,ZONAL MANAGER
Senior Manager,SENIOR MANAGER
Regional Manager,MANAGER
Area Manager,MANAGER
Senior Branch Manager,MANAGER
Assistant Branch Manager,MANAGER
Branch Manager,MANAGER
Agency Manager,MANAGER
Assistant Branch Manager - Direct,MANAGER
Deputy Manager,MANAGER
Manager,MANAGER
Assistant Manager,MANAGER
Recruitment and Development Manager,RECRUITMENT MANAGER
Associate Recruitment and Development Manager,RECRUITMENT MANAGER
Senior Recruitment and Development Manager,RECRUITMENT MANAGER
Junior Manager,MANAGER
Chief Manager,MANAGER
Head Tied Agency,HEAD
Chief Manager Transformation Project,MANAGER
Management Trainee,TRAINEE
Head Tied Transformation,HEAD
Vice President,VICE PRESIDENT
Associate Vice President,ASSISTANT VICE PRESIDENT
Branch Recruitment and Development Manager,MANAGER
Senior Divisional Manager,MANAGER
Divisional Manager,MANAGER
Customer Relationship Manager,RELATIONSHIP MANAGER
Cluster Manager - Agency Associate,CLUSTER MANAGER
Cluster SQA Manager,CLUSTER MANAGER
Zonal Sales Coordinator,COORDINATOR
Relationship Manager,RELATIONSHIP MANAGER
Divisional Manager - AVP,ASSISTANT VICE PRESIDENT
Senior Divisional Manager - AVP,ASSISTANT VICE PRESIDENT
Divisional Manager-AVP,ASSISTANT VICE PRESIDENT
Zonal SQA Manager,ZONAL MANAGER
Senior Divisional Manager-AVP,ASSISTANT VICE PRESIDENT
Assistant Vice President,ASSISTANT VICE PRESIDENT
Associate Cluster Manager - Agency Associate,CLUSTER MANAGER
Associate Cluster Manager - CES,CLUSTER MANAGER
